run_id,block
880,A1
881,A1
882,A1
883,A1
884,A1
885,A1
887,A1
888,A1
889,A1
890,A1
891,A1
892,A1
894,A1
895,A1
896,A1
897,A1
898,A1
899,A1
901,A1
902,A1
903,A1
904,A1
905,A1
906,A1
908,A1
909,A1
910,A1
911,A1
912,A1
913,A1
915,A1
916,A1
917,A1
918,A1
919,A1
920,A1
922,A1
923,A1
924,A1
925,A1
926,A1
927,A1
928,C
929,C
931,A2
932,A2
933,A2
934,A2
935,A2
936,A2
938,A2
939,A2
940,A2
941,A2
942,A2
943,A2
945,A2
946,A2
947,A2
948,A2
949,A2
950,A2
952,A2
953,A2
954,A2
955,A2
956,A2
957,A2
959,A2
960,A2
961,A2
962,A2
963,A2
964,A2
966,A2
967,A2
968,A2
969,A2
970,A2
971,A2
973,A2
974,A2
975,A2
976,A2
977,A2
978,A2
986,B
987,B
988,B
989,B
990,B
991,B
993,B
994,B
995,B
996,B
997,B
998,B
1011,B
1012,B
1013,B
1014,B
1015,B
1016,B
1018,B
1019,B
1020,B
1021,B
1022,B
1023,B
1025,B
1026,B
1027,B
1028,B
1029,B
1030,B
1032,B
1033,B
1034,B
1035,B
1036,B
1037,B
1039,B
1040,B
1041,B
1042,B
1043,B
1044,B
1046,C
1047,C
1048,C
1049,C
1050,C
1052,C
1053,C
1054,C
1055,C
1056,C
1057,C
1058,C
1059,C
1060,C
1061,C
1063,C
1064,C
1065,C
1066,C
1067,C
1068,C
1069,C
1070,C
1071,C
1072,C
1076,C
1077,C
1078,C
1079,C
1080,C
1081,C
1082,C
1083,C
1084,C
1085,C
1087,C
1088,C
1089,C
1090,C
1091,C
1092,C
1093,C
1094,C
1095,C
1096,C
1097,D
1098,D
1099,D
1100,D
1101,D
1102,D
1103,D
1104,D
1105,D
1106,D
1107,D
1108,D
1109,D
1110,D
1111,D
1112,D
1113,D
1114,D
1115,D
1116,D
1117,E
1118,E
1119,E
1120,E
1121,E
1122,E
1123,E
1124,E
1125,E
1127,F
1128,F
1129,F
1130,F
1131,F
1132,F
1143,G
1144,G
1145,G
1146,G
1147,G
1148,G
1149,G
1150,G
1151,G
1153,G
1154,G
1155,G
1156,G
1157,G
1158,G
1159,G
1160,G
1161,G
1162,T
1163,T
1164,T
1165,T
1166,T
1167,T
1168,T
1169,T
1170,T
1171,T
1172,T
1173,T
1174,T
1175,T
1176,T
1177,T
1178,T
1179,T
1180,T
1181,T
1182,T
1183,T
1184,T
1185,T
1186,T
1187,T
1188,T
1189,T
1190,T
1191,T
1192,T
1193,T
1194,T
1195,T
1196,T
1197,T
1198,T
1199,T
1200,T
1201,T
1202,A1
1203,A1
1214,T
1215,T
1216,T
1217,T
1218,T
1219,T
1220,T
1221,T
1222,T
1223,T
1224,T
1225,T
1226,T
1227,T
1228,T
1229,T
1230,T
1231,T
1232,T
1233,T
1234,T
1235,T
1236,T
1237,T
1238,T
1239,T
1240,T
1241,T
1242,T
1243,T
1244,T
1245,T
1246,T
1247,T
1248,T
1249,T
1250,T
1251,T
1252,T
1253,T
1254,T
1255,T
1256,T
1257,T
1258,T
1259,T
1260,T
1261,T
1262,T
1263,T
1264,T
1265,T
1266,T
1267,C
1268,C
1269,D
1270,D
1271,D
1272,D
1273,D
1274,D
1275,D
1276,D
1277,D
1278,D
1279,D
1280,D
1281,D
1282,D
1283,D
1284,D
1285,D
1286,D
1287,D
1288,D
1289,D
1290,D
1291,D
1292,D
1293,D
1294,D
1295,D
1296,D
1297,D
1298,T
1299,T
1300,T
1301,T
1302,T
1303,T
1308,T
1309,T
1311,H
1312,H
1313,H
1314,H
1315,H
1316,H
1317,H
1318,H
1319,H
1320,H
1321,H
1322,H
1323,H
1324,H
1325,H
1326,H
1327,H
1328,H
1329,H
1330,H
1331,H
1332,H
1333,H
1334,H
