block,region,run_id,timestamp,crs_strategy,workflow,extent_size,run_type,resolution_m,dataset,queue_time,processing_time,job_execution_time,download_time,total_time,preprocessing_time,credits,cpu_seconds,input_pixels_mp,output_crs,dem_format,dem_layout,local_resampling,git_commit,mae,rmse
A1,berlin,879,2026-08-19T16:12:27.570865,local_reference,merge_add,medium,cold,10.0,dem,,,,,297.4020621776581,297.4020621776581,,,,,,,bilinear,787a4a1d702fb70aaec64425d52bbc3ace541f76,,
A1,berlin,880,2026-08-19T16:14:30.205421,onthefly,merge_add,medium,cold,10.0,dem,36.021615,67.052727,111.76664328575134,7.263595104217529,120.71166396141052,,4.0,162.0,20.12359619140625,32633,,,,787a4a1d702fb70aaec64425d52bbc3ace541f76,1.6966724373075104,2.4244585010084094
A1,berlin,881,2026-08-19T16:17:33.506736,onthefly,merge_add,medium,hot,10.0,dem,36.941679,125.814014,170.818101644516,8.109700202941895,180.83671736717224,,4.0,162.0,20.12359619140625,32633,,,,787a4a1d702fb70aaec64425d52bbc3ace541f76,1.6966724373075104,2.4244585010084094
A1,berlin,882,2026-08-19T16:20:31.015801,onthefly,merge_add,medium,hot,10.0,dem,42.470349,121.102389,166.88881039619446,8.086201429367065,176.17008686065674,,4.0,162.0,20.12359619140625,32633,,,,787a4a1d702fb70aaec64425d52bbc3ace541f76,1.6966724373075104,2.4244585010084094
A1,berlin,883,2026-08-19T16:24:28.893249,local_preprocessing,merge_add,medium,cold,10.0,dem,46.283105,62.583219,114.180016040802,8.23119330406189,127.1334285736084,2.3504412174224854,4.0,162.0,21.134765625,32633,gtiff,cog,bilinear,787a4a1d702fb70aaec64425d52bbc3ace541f76,0.0012808556774347956,0.0017769893379381099
A1,berlin,884,2026-08-19T16:28:30.118587,local_preprocessing,merge_add,medium,hot,10.0,dem,41.286903,63.506825,112.21743512153625,8.467444896697998,124.3405077457428,2.179563045501709,4.0,162.0,21.134765625,32633,gtiff,cog,bilinear,787a4a1d702fb70aaec64425d52bbc3ace541f76,0.0012808556774347956,0.0017769893379381099
A1,berlin,885,2026-08-19T16:32:37.975463,local_preprocessing,merge_add,medium,hot,10.0,dem,47.190149,72.071187,122.4407606124878,8.494173765182495,134.3924400806427,2.2203478813171387,4.0,48.0,21.134765625,32633,gtiff,cog,bilinear,787a4a1d702fb70aaec64425d52bbc3ace541f76,0.0012808556774347956,0.0017769893379381099
A1,berlin,886,2026-08-19T16:37:24.231323,local_reference,subtract,medium,cold,10.0,dem,,,,,270.9829521179199,270.9829521179199,,,,,,,bilinear,787a4a1d702fb70aaec64425d52bbc3ace541f76,,
A1,berlin,887,2026-08-19T16:39:37.258765,onthefly,subtract,medium,cold,10.0,dem,47.525345,70.968051,121.84245920181274,8.177595376968384,131.30193495750427,,4.0,48.0,20.12359619140625,32633,,,,787a4a1d702fb70aaec64425d52bbc3ace541f76,1.6966724223554361,2.4244584844895707
A1,berlin,888,2026-08-19T16:42:33.173151,onthefly,subtract,medium,hot,10.0,dem,31.857825,123.625884,164.24018955230713,8.158201932907104,174.13812828063965,,4.0,90.0,20.12359619140625,32633,,,,787a4a1d702fb70aaec64425d52bbc3ace541f76,1.6966724223554361,2.4244584844895707
A1,berlin,889,2026-08-19T16:44:32.134427,onthefly,subtract,medium,hot,10.0,dem,42.60122,63.117667,109.23136711120605,6.689532041549683,117.69913983345032,,4.0,162.0,20.12359619140625,32633,,,,787a4a1d702fb70aaec64425d52bbc3ace541f76,1.6966724223554361,2.4244584844895707
A1,berlin,890,2026-08-19T16:49:30.431584,local_preprocessing,subtract,medium,cold,10.0,dem,53.728896,121.264461,177.71287035942078,8.289294242858887,190.3830714225769,2.2155351638793945,4.0,162.0,21.134765625,32633,gtiff,cog,bilinear,787a4a1d702fb70aaec64425d52bbc3ace541f76,0.0012808545197684528,0.0017768152299498913
A1,berlin,891,2026-08-19T16:53:33.814162,local_preprocessing,subtract,medium,hot,10.0,dem,48.253717,68.831521,120.27357840538025,8.280959367752075,132.05672025680542,2.2323367595672607,4.0,108.0,21.134765625,32633,gtiff,cog,bilinear,787a4a1d702fb70aaec64425d52bbc3ace541f76,0.0012808545197684528,0.0017768152299498913
A1,berlin,892,2026-08-19T16:57:30.869840,local_preprocessing,subtract,medium,hot,10.0,dem,46.869046,62.809485,118.41924953460693,9.320876836776733,131.94142651557922,2.2125420570373535,4.0,78.0,21.134765625,32633,gtiff,cog,bilinear,787a4a1d702fb70aaec64425d52bbc3ace541f76,0.0012808545197684528,0.0017768152299498913
A1,berlin,893,2026-08-19T17:02:28.921605,local_reference,mask,medium,cold,10.0,dem,,,,,282.3728518486023,282.3728518486023,,,,,,,bilinear,787a4a1d702fb70aaec64425d52bbc3ace541f76,,
A1,berlin,894,2026-08-19T17:05:32.182017,onthefly,mask,medium,cold,10.0,dem,37.098322,130.626716,175.47556924819946,4.595898151397705,181.63857865333557,,4.0,162.0,40.12359619140625,32633,,,,787a4a1d702fb70aaec64425d52bbc3ace541f76,1.6630734308395834,2.3642021571213245
A1,berlin,895,2026-08-19T17:08:30.003800,onthefly,mask,medium,hot,10.0,dem,32.96878,127.04442,169.3384439945221,5.347566604614258,176.16267609596252,,4.0,162.0,40.12359619140625,32633,,,,787a4a1d702fb70aaec64425d52bbc3ace541f76,1.6630734308395834,2.3642021571213245
A1,berlin,896,2026-08-19T17:10:28.225988,onthefly,mask,medium,hot,10.0,dem,38.837879,68.333043,109.88106775283813,5.350818157196045,116.80146765708923,,4.0,162.0,40.12359619140625,32633,,,,787a4a1d702fb70aaec64425d52bbc3ace541f76,1.6630734308395834,2.3642021571213245
A1,berlin,897,2026-08-19T17:14:27.680154,local_preprocessing,mask,medium,cold,10.0,dem,41.608042,68.434094,118.8587212562561,4.99841046333313,128.03898859024048,2.2372634410858154,4.0,162.0,41.134765625,32633,gtiff,cog,bilinear,787a4a1d702fb70aaec64425d52bbc3ace541f76,0.001249105508815763,0.0017228757881318298
A1,berlin,898,2026-08-19T17:18:25.451221,local_preprocessing,mask,medium,hot,10.0,dem,42.212609,63.689504,113.842538356781,5.58693528175354,123.12033700942993,2.19789457321167,4.0,162.0,41.134765625,32633,gtiff,cog,bilinear,787a4a1d702fb70aaec64425d52bbc3ace541f76,0.001249105508815763,0.0017228757881318298
A1,berlin,899,2026-08-19T17:22:30.820778,local_preprocessing,mask,medium,hot,10.0,dem,36.357856,72.593685,118.31958961486816,5.220675468444824,127.49958181381226,2.168945074081421,4.0,117.0,41.134765625,32633,gtiff,cog,bilinear,787a4a1d702fb70aaec64425d52bbc3ace541f76,0.001249105508815763,0.0017228757881318298
A1,berlin,900,2026-08-19T17:27:29.452270,local_reference,aggregation,medium,cold,10.0,dem,,,,,287.21599102020264,287.21599102020264,,,,,,,bilinear,787a4a1d702fb70aaec64425d52bbc3ace541f76,,
A1,berlin,901,2026-08-19T17:30:29.030736,onthefly,aggregation,medium,cold,10.0,dem,36.8075,130.46345,175.45015621185303,1.3791139125823975,178.20690512657166,,4.0,162.0,20.12359619140625,32633,,,,787a4a1d702fb70aaec64425d52bbc3ace541f76,1.7900161452590624,4.803679166717987
A1,berlin,902,2026-08-19T17:32:22.769312,onthefly,aggregation,medium,hot,10.0,dem,36.131454,70.99435,109.54166007041931,1.2980821132659912,112.34604382514954,,4.0,90.0,20.12359619140625,32633,,,,787a4a1d702fb70aaec64425d52bbc3ace541f76,1.7900161452590624,4.803679166717987
A1,berlin,903,2026-08-19T17:34:26.750739,onthefly,aggregation,medium,hot,10.0,dem,47.007236,69.147957,118.99064421653748,2.157865524291992,123.0055947303772,,4.0,72.0,20.12359619140625,32633,,,,787a4a1d702fb70aaec64425d52bbc3ace541f76,1.7900161452590624,4.803679166717987
A1,berlin,904,2026-08-19T17:39:19.399713,local_preprocessing,aggregation,medium,cold,10.0,dem,38.003733,126.598426,167.82405471801758,1.3166234493255615,173.00295066833496,2.2502129077911377,4.0,90.0,21.134765625,32633,gtiff,cog,bilinear,787a4a1d702fb70aaec64425d52bbc3ace541f76,0.5052104998507867,4.144350968659008
A1,berlin,905,2026-08-19T17:43:01.005764,local_preprocessing,aggregation,medium,hot,10.0,dem,60.825122,63.718166,157.53240418434143,1.331812858581543,162.46625876426697,1.9559087753295898,4.0,108.0,21.134765625,32633,gtiff,cog,bilinear,787a4a1d702fb70aaec64425d52bbc3ace541f76,0.5052104998507867,4.144350968659008
A1,berlin,906,2026-08-19T17:46:28.405012,local_preprocessing,aggregation,medium,hot,10.0,dem,47.162013,68.28732,118.61220812797546,1.786827802658081,125.5338363647461,2.223400354385376,4.0,117.0,21.134765625,32633,gtiff,cog,bilinear,787a4a1d702fb70aaec64425d52bbc3ace541f76,0.5052104998507867,4.144350968659008
A1,berlin,907,2026-08-19T17:51:19.805558,local_reference,focal,medium,cold,10.0,dem,,,,,284.9892621040344,284.9892621040344,,,,,,,bilinear,787a4a1d702fb70aaec64425d52bbc3ace541f76,,
A1,berlin,908,2026-08-19T17:54:39.438519,onthefly,focal,medium,cold,10.0,dem,57.696944,125.624706,185.95807576179504,10.745157957077026,198.25951480865479,,4.0,276.0,20.37601089477539,32633,,,,787a4a1d702fb70aaec64425d52bbc3ace541f76,0.8592217612654292,1.5583995526895809
A1,berlin,909,2026-08-19T17:57:26.715808,onthefly,focal,medium,hot,10.0,dem,26.819324,124.954751,154.65746092796326,9.40924620628357,165.3684344291687,,4.0,90.0,20.37601089477539,32633,,,,787a4a1d702fb70aaec64425d52bbc3ace541f76,0.8592217612654292,1.5583995526895809
A1,berlin,910,2026-08-19T18:00:44.229055,onthefly,focal,medium,hot,10.0,dem,36.693582,136.340018,180.91937899589539,13.929777145385742,196.12241506576538,,4.0,72.0,20.37601089477539,32633,,,,787a4a1d702fb70aaec64425d52bbc3ace541f76,0.8592217612654292,1.5583995526895809
A1,berlin,911,2026-08-19T18:04:32.263567,local_preprocessing,focal,medium,cold,10.0,dem,51.807968,63.118473,118.2368791103363,10.690586566925049,133.2344081401825,2.2600011825561523,4.0,162.0,21.395642280578613,32633,gtiff,cog,bilinear,787a4a1d702fb70aaec64425d52bbc3ace541f76,0.08485093590134259,8.340228302250377
A1,berlin,912,2026-08-19T18:08:33.349237,local_preprocessing,focal,medium,hot,10.0,dem,49.166703,63.379894,120.53785276412964,8.642054796218872,132.99675846099854,2.1961886882781982,4.0,162.0,21.395642280578613,32633,gtiff,cog,bilinear,787a4a1d702fb70aaec64425d52bbc3ace541f76,0.08485093590134259,8.340228302250377
A1,berlin,913,2026-08-19T18:13:51.030910,local_preprocessing,focal,medium,hot,10.0,dem,46.821484,139.929988,191.1843981742859,11.329092979431152,206.39948725700378,2.1829898357391357,4.0,162.0,21.395642280578613,32633,gtiff,cog,bilinear,787a4a1d702fb70aaec64425d52bbc3ace541f76,0.08485093590134259,8.340228302250377
A1,berlin,914,2026-08-19T18:18:24.405320,local_reference,resample,medium,cold,10.0,dem,,,,,258.2064633369446,258.2064633369446,,,,,,,bilinear,787a4a1d702fb70aaec64425d52bbc3ace541f76,,
A1,berlin,915,2026-08-19T18:21:37.029052,onthefly,resample,medium,cold,10.0,dem,46.897062,128.4324,177.93242025375366,11.280400276184082,190.92117953300476,,4.0,90.0,20.12359619140625,32633,,,,787a4a1d702fb70aaec64425d52bbc3ace541f76,1.0128285745781138,1.3766988649788163
A1,berlin,916,2026-08-19T18:24:34.994297,onthefly,resample,medium,hot,10.0,dem,31.733797,126.689254,161.4127607345581,13.28432321548462,175.9555401802063,,4.0,162.0,20.12359619140625,32633,,,,787a4a1d702fb70aaec64425d52bbc3ace541f76,1.0128285745781138,1.3766988649788163
A1,berlin,917,2026-08-19T18:27:33.205326,onthefly,resample,medium,hot,10.0,dem,37.313213,124.498563,165.0327024459839,10.109357118606567,176.8106348514557,,4.0,162.0,20.12359619140625,32633,,,,787a4a1d702fb70aaec64425d52bbc3ace541f76,1.0128285745781138,1.3766988649788163
A1,berlin,918,2026-08-19T18:31:29.865230,local_preprocessing,resample,medium,cold,10.0,dem,51.800252,63.100912,123.61720156669617,9.010314464569092,136.24455666542053,2.3039088249206543,4.0,108.0,21.134765625,32633,gtiff,cog,bilinear,787a4a1d702fb70aaec64425d52bbc3ace541f76,0.5368840702257995,0.7571235850760216
A1,berlin,919,2026-08-19T18:37:07.506641,local_preprocessing,resample,medium,hot,10.0,dem,46.909058,131.197389,181.4495666027069,41.433491706848145,226.74786043167114,2.2612650394439697,4.0,162.0,21.134765625,32633,gtiff,cog,bilinear,787a4a1d702fb70aaec64425d52bbc3ace541f76,0.5368840702257995,0.7571235850760216
A1,berlin,920,2026-08-19T18:40:31.861810,local_preprocessing,resample,medium,hot,10.0,dem,46.837565,58.35347,107.93622779846191,11.523977994918823,123.24850559234619,2.264453649520874,4.0,162.0,21.134765625,32633,gtiff,cog,bilinear,787a4a1d702fb70aaec64425d52bbc3ace541f76,0.5368840702257995,0.7571235850760216
A1,berlin,921,2026-08-19T18:45:23.290123,local_reference,filter_bbox,medium,cold,10.0,dem,,,,,277.9200539588928,277.9200539588928,,,,,,,bilinear,787a4a1d702fb70aaec64425d52bbc3ace541f76,,
A1,berlin,922,2026-08-19T18:47:35.433805,onthefly,filter_bbox,medium,cold,10.0,dem,49.162877,71.504882,123.62697625160217,4.8754212856292725,130.1392662525177,,4.0,117.0,20.12359619140625,32633,,,,787a4a1d702fb70aaec64425d52bbc3ace541f76,1.7389456332517927,2.4707268492971863
A1,berlin,923,2026-08-19T18:49:25.580227,onthefly,filter_bbox,medium,hot,10.0,dem,31.312678,61.821742,101.60697269439697,4.621212005615234,108.25125503540039,,4.0,108.0,20.12359619140625,32633,,,,787a4a1d702fb70aaec64425d52bbc3ace541f76,1.7389456332517927,2.4707268492971863
A1,berlin,924,2026-08-19T18:52:28.268624,onthefly,filter_bbox,medium,hot,10.0,dem,51.84209,119.354154,174.39863777160645,5.380622386932373,181.25466537475586,,4.0,162.0,20.12359619140625,32633,,,,787a4a1d702fb70aaec64425d52bbc3ace541f76,1.7389456332517927,2.4707268492971863
A1,berlin,925,2026-08-19T18:57:34.202859,local_preprocessing,filter_bbox,medium,cold,10.0,dem,42.150988,128.229692,175.25363111495972,11.470869779586792,190.40168642997742,2.279670476913452,4.0,162.0,20.283801078796387,32633,gtiff,cog,bilinear,787a4a1d702fb70aaec64425d52bbc3ace541f76,0.0013419522758464537,0.0018253712881244333
A1,berlin,926,2026-08-19T19:01:33.008232,local_preprocessing,filter_bbox,medium,hot,10.0,dem,51.768335,71.722534,126.9357430934906,4.605336427688599,135.1347451210022,2.1859195232391357,4.0,162.0,20.283801078796387,32633,gtiff,cog,bilinear,787a4a1d702fb70aaec64425d52bbc3ace541f76,0.0013419522758464537,0.0018253712881244333
A1,berlin,927,2026-08-19T19:05:26.620774,local_preprocessing,filter_bbox,medium,hot,10.0,dem,42.865409,63.268351,115.14283156394958,4.203397035598755,122.98873233795166,2.215235710144043,4.0,72.0,20.283801078796387,32633,gtiff,cog,bilinear,787a4a1d702fb70aaec64425d52bbc3ace541f76,0.0013419522758464537,0.0018253712881244333
A2,hamburg,930,2026-08-21T15:10:46.240050,local_reference,merge_add,medium,cold,10.0,dem,,,,,301.7603385448456,301.7603385448456,,,,,,,bilinear,787a4a1d702fb70aaec64425d52bbc3ace541f76,,
A2,hamburg,931,2026-08-21T15:14:34.913569,onthefly,merge_add,medium,cold,10.0,dem,82.743244,128.54495,218.90794968605042,7.286850452423096,227.1466462612152,,4.0,162.0,17.0343017578125,32632,,,,787a4a1d702fb70aaec64425d52bbc3ace541f76,1.1176443545999049,1.7977424194044012
A2,hamburg,932,2026-08-21T15:17:27.994580,onthefly,merge_add,medium,hot,10.0,dem,41.653093,118.322623,162.46602272987366,6.881291627883911,171.06348371505737,,4.0,162.0,17.0343017578125,32632,,,,787a4a1d702fb70aaec64425d52bbc3ace541f76,1.1176443545999049,1.7977424194044012
A2,hamburg,933,2026-08-21T15:20:32.807322,onthefly,merge_add,medium,hot,10.0,dem,41.115395,129.047522,172.59999799728394,9.615890741348267,183.46441078186035,,4.0,246.0,17.0343017578125,32632,,,,787a4a1d702fb70aaec64425d52bbc3ace541f76,1.1176443545999049,1.7977424194044012
A2,hamburg,934,2026-08-21T15:25:28.232847,local_preprocessing,merge_add,medium,cold,10.0,dem,46.526026,113.250491,166.90979743003845,13.308780431747437,185.79912853240967,2.127988815307617,4.0,162.0,17.96558380126953,32632,gtiff,cog,bilinear,787a4a1d702fb70aaec64425d52bbc3ace541f76,0.00054982592646676,0.0008539407751323178
A2,hamburg,935,2026-08-21T15:29:35.131954,local_preprocessing,merge_add,medium,hot,10.0,dem,41.353612,72.484064,121.50631356239319,7.704381704330444,132.68775177001953,2.0852015018463135,4.0,162.0,17.96558380126953,32632,gtiff,cog,bilinear,787a4a1d702fb70aaec64425d52bbc3ace541f76,0.00054982592646676,0.0008539407751323178
A2,hamburg,936,2026-08-21T15:34:31.468626,local_preprocessing,merge_add,medium,hot,10.0,dem,51.506753,123.722196,183.02729201316833,7.5602452754974365,193.9625642299652,2.1055147647857666,4.0,216.0,17.96558380126953,32632,gtiff,cog,bilinear,787a4a1d702fb70aaec64425d52bbc3ace541f76,0.00054982592646676,0.0008539407751323178
A2,hamburg,937,2026-08-21T15:38:33.798405,local_reference,subtract,medium,cold,10.0,dem,,,,,227.77556896209717,227.77556896209717,,,,,,,bilinear,787a4a1d702fb70aaec64425d52bbc3ace541f76,,
A2,hamburg,938,2026-08-21T15:41:39.310679,onthefly,subtract,medium,cold,10.0,dem,46.461538,113.196249,167.68488335609436,15.347561359405518,183.96353149414062,,4.0,276.0,17.0343017578125,32632,,,,787a4a1d702fb70aaec64425d52bbc3ace541f76,1.1176443479623788,1.7977424168788179
A2,hamburg,939,2026-08-21T15:44:40.869053,onthefly,subtract,medium,hot,10.0,dem,26.033458,139.062674,167.63401436805725,10.408657550811768,179.44396495819092,,4.0,162.0,17.0343017578125,32632,,,,787a4a1d702fb70aaec64425d52bbc3ace541f76,1.1176443479623788,1.7977424168788179
A2,hamburg,940,2026-08-21T15:47:39.124585,onthefly,subtract,medium,hot,10.0,dem,36.175278,123.287344,162.60551190376282,12.64845061302185,176.86830806732178,,4.0,198.0,17.0343017578125,32632,,,,787a4a1d702fb70aaec64425d52bbc3ace541f76,1.1176443479623788,1.7977424168788179
A2,hamburg,941,2026-08-21T15:52:31.257155,local_preprocessing,subtract,medium,cold,10.0,dem,41.409574,123.507036,172.75476264953613,10.840272665023804,186.90851283073425,2.1213810443878174,4.0,276.0,17.96558380126953,32632,gtiff,cog,bilinear,787a4a1d702fb70aaec64425d52bbc3ace541f76,0.0005498261691701691,0.0008538854855781162
A2,hamburg,942,2026-08-21T15:57:32.568052,local_preprocessing,subtract,medium,hot,10.0,dem,46.267092,118.669366,172.76106882095337,9.39819049835205,186.01383519172668,2.0984370708465576,4.0,162.0,17.96558380126953,32632,gtiff,cog,bilinear,787a4a1d702fb70aaec64425d52bbc3ace541f76,0.0005498261691701691,0.0008538854855781162
A2,hamburg,943,2026-08-21T16:01:32.706667,local_preprocessing,subtract,medium,hot,10.0,dem,62.144401,56.542095,122.0158703327179,6.68355917930603,131.86424350738525,2.1337504386901855,4.0,72.0,17.96558380126953,32632,gtiff,cog,bilinear,787a4a1d702fb70aaec64425d52bbc3ace541f76,0.0005498261691701691,0.0008538854855781162
A2,hamburg,944,2026-08-21T16:06:27.699544,local_reference,mask,medium,cold,10.0,dem,,,,,280.68551778793335,280.68551778793335,,,,,,,bilinear,787a4a1d702fb70aaec64425d52bbc3ace541f76,,
A2,hamburg,945,2026-08-21T16:08:22.750954,onthefly,mask,medium,cold,10.0,dem,35.956597,62.099979,105.94823741912842,6.312626361846924,113.46483945846558,,4.0,162.0,33.9093017578125,32632,,,,787a4a1d702fb70aaec64425d52bbc3ace541f76,1.2088138679913185,1.8412261390626745
A2,hamburg,946,2026-08-21T16:10:37.253344,onthefly,mask,medium,hot,10.0,dem,36.357816,82.344298,126.40452766418457,5.162243366241455,132.69785451889038,,4.0,162.0,33.9093017578125,32632,,,,787a4a1d702fb70aaec64425d52bbc3ace541f76,1.2088138679913185,1.8412261390626745
A2,hamburg,947,2026-08-21T16:12:24.934518,onthefly,mask,medium,hot,10.0,dem,30.807387,67.210851,100.27746939659119,4.519953727722168,106.26824474334717,,4.0,108.0,33.9093017578125,32632,,,,787a4a1d702fb70aaec64425d52bbc3ace541f76,1.2088138679913185,1.8412261390626745
A2,hamburg,948,2026-08-21T16:16:53.401731,local_preprocessing,mask,medium,cold,10.0,dem,36.276875,82.697952,126.98202466964722,11.473027467727661,141.7735254764557,2.3087408542633057,4.0,162.0,34.84058380126953,32632,gtiff,cog,bilinear,787a4a1d702fb70aaec64425d52bbc3ace541f76,0.0005939756628626276,0.0008745058957621806
A2,hamburg,949,2026-08-21T16:20:36.118213,local_preprocessing,mask,medium,hot,10.0,dem,56.384665,66.976272,125.93165016174316,11.089736938476562,140.22401189804077,2.058098554611206,4.0,162.0,34.84058380126953,32632,gtiff,cog,bilinear,787a4a1d702fb70aaec64425d52bbc3ace541f76,0.0005939756628626276,0.0008745058957621806
A2,hamburg,950,2026-08-21T16:25:37.312331,local_preprocessing,mask,medium,hot,10.0,dem,67.085435,108.106343,177.8106071949005,10.968441009521484,192.2629566192627,2.129918336868286,4.0,162.0,34.84058380126953,32632,gtiff,cog,bilinear,787a4a1d702fb70aaec64425d52bbc3ace541f76,0.0005939756628626276,0.0008745058957621806
A2,hamburg,951,2026-08-21T16:30:20.702748,local_reference,aggregation,medium,cold,10.0,dem,,,,,270.4565854072571,270.4565854072571,,,,,,,bilinear,787a4a1d702fb70aaec64425d52bbc3ace541f76,,
A2,hamburg,952,2026-08-21T16:32:41.698430,onthefly,aggregation,medium,cold,10.0,dem,46.591706,87.491081,136.75779676437378,1.834564208984375,139.87767267227173,,4.0,78.0,17.0343017578125,32632,,,,787a4a1d702fb70aaec64425d52bbc3ace541f76,2.487782530195091,53.757912657797156
A2,hamburg,953,2026-08-21T16:35:24.095892,onthefly,aggregation,medium,hot,10.0,dem,31.280686,124.309598,157.90430760383606,1.63254976272583,160.86101055145264,,4.0,153.0,17.0343017578125,32632,,,,787a4a1d702fb70aaec64425d52bbc3ace541f76,2.487782530195091,53.757912657797156
A2,hamburg,954,2026-08-21T16:37:28.460004,onthefly,aggregation,medium,hot,10.0,dem,52.169785,67.016501,121.28376698493958,1.1273226737976074,123.52035188674927,,4.0,78.0,17.0343017578125,32632,,,,787a4a1d702fb70aaec64425d52bbc3ace541f76,2.487782530195091,53.757912657797156
A2,hamburg,955,2026-08-21T16:42:20.098348,local_preprocessing,aggregation,medium,cold,10.0,dem,56.781723,108.217085,168.21872472763062,1.6017897129058838,173.35406923294067,2.090940237045288,4.0,162.0,17.96558380126953,32632,gtiff,cog,bilinear,787a4a1d702fb70aaec64425d52bbc3ace541f76,1.9344836174649258,58.458646103303884
A2,hamburg,956,2026-08-21T16:46:19.936361,local_preprocessing,aggregation,medium,hot,10.0,dem,57.118294,61.841851,121.60797691345215,1.1612441539764404,126.41854691505432,2.1607797145843506,9.0,5400.0,17.96558380126953,32632,gtiff,cog,bilinear,787a4a1d702fb70aaec64425d52bbc3ace541f76,1.9344836174649258,58.458646103303884
A2,hamburg,957,2026-08-21T16:50:19.999136,local_preprocessing,aggregation,medium,hot,10.0,dem,56.788476,56.655012,115.46383571624756,2.506293535232544,121.33132243156433,2.113959550857544,4.0,117.0,17.96558380126953,32632,gtiff,cog,bilinear,787a4a1d702fb70aaec64425d52bbc3ace541f76,1.9344836174649258,58.458646103303884
A2,hamburg,958,2026-08-21T16:54:26.349832,local_reference,focal,medium,cold,10.0,dem,,,,,240.72263860702515,240.72263860702515,,,,,,,bilinear,787a4a1d702fb70aaec64425d52bbc3ace541f76,,
A2,hamburg,959,2026-08-21T16:57:44.436721,onthefly,focal,medium,cold,10.0,dem,41.370058,134.087618,177.97383499145508,17.447274684906006,196.58519172668457,,4.0,162.0,17.03815460205078,32632,,,,787a4a1d702fb70aaec64425d52bbc3ace541f76,0.5809828408240607,2.002893403551201
A2,hamburg,960,2026-08-21T17:00:50.245384,onthefly,focal,medium,hot,10.0,dem,20.684393,141.888631,170.60102319717407,12.181838512420654,184.06567287445068,,9.0,5400.0,17.03815460205078,32632,,,,787a4a1d702fb70aaec64425d52bbc3ace541f76,0.5809828408240607,2.002893403551201
A2,hamburg,961,2026-08-21T17:03:38.319410,onthefly,focal,medium,hot,10.0,dem,20.795184,118.702605,146.82311177253723,18.75567102432251,166.6757824420929,,4.0,108.0,17.03815460205078,32632,,,,787a4a1d702fb70aaec64425d52bbc3ace541f76,0.5809828408240607,2.002893403551201
A2,hamburg,962,2026-08-21T17:08:47.654001,local_preprocessing,focal,medium,cold,10.0,dem,36.812065,139.066924,178.9372386932373,16.768440008163452,199.10310411453247,2.192317247390747,4.0,90.0,18.437694549560547,32632,gtiff,cog,bilinear,787a4a1d702fb70aaec64425d52bbc3ace541f76,0.09106722773538387,6.137377601928217
A2,hamburg,963,2026-08-21T17:13:36.394500,local_preprocessing,focal,medium,hot,10.0,dem,52.006883,123.744774,182.91089367866516,13.877032995223999,200.21766424179077,2.1790409088134766,4.0,78.0,18.437694549560547,32632,gtiff,cog,bilinear,787a4a1d702fb70aaec64425d52bbc3ace541f76,0.09106722773538387,6.137377601928217
A2,hamburg,964,2026-08-21T17:18:35.596566,local_preprocessing,focal,medium,hot,10.0,dem,41.272238,128.538948,177.5968074798584,15.441635131835938,196.4757149219513,2.116286277770996,4.0,276.0,18.437694549560547,32632,gtiff,cog,bilinear,787a4a1d702fb70aaec64425d52bbc3ace541f76,0.09106722773538387,6.137377601928217
A2,hamburg,965,2026-08-21T17:23:17.963832,local_reference,resample,medium,cold,10.0,dem,,,,,268.99028968811035,268.99028968811035,,,,,,,bilinear,787a4a1d702fb70aaec64425d52bbc3ace541f76,,
A2,hamburg,966,2026-08-21T17:25:30.916524,onthefly,resample,medium,cold,10.0,dem,51.652885,67.035457,120.48457098007202,8.983043432235718,131.00834608078003,,4.0,117.0,17.0343017578125,32632,,,,787a4a1d702fb70aaec64425d52bbc3ace541f76,0.7992370127010991,1.22136437691031
A2,hamburg,967,2026-08-21T17:27:28.539692,onthefly,resample,medium,hot,10.0,dem,41.49557,59.34218,102.63815641403198,11.856529951095581,115.82169222831726,,4.0,48.0,17.0343017578125,32632,,,,787a4a1d702fb70aaec64425d52bbc3ace541f76,0.7992370127010991,1.22136437691031
A2,hamburg,968,2026-08-21T17:29:26.729760,onthefly,resample,medium,hot,10.0,dem,46.529797,56.812272,105.99612832069397,9.678770303726196,116.9965431690216,,4.0,108.0,17.0343017578125,32632,,,,787a4a1d702fb70aaec64425d52bbc3ace541f76,0.7992370127010991,1.22136437691031
A2,hamburg,969,2026-08-21T17:33:30.616748,local_preprocessing,resample,medium,cold,10.0,dem,46.727511,61.743949,110.92480826377869,14.94910979270935,129.19111895561218,2.147636651992798,4.0,108.0,17.96558380126953,32632,gtiff,cog,bilinear,787a4a1d702fb70aaec64425d52bbc3ace541f76,0.37541182818816093,0.5832683614680513
A2,hamburg,970,2026-08-21T17:37:33.672235,local_preprocessing,resample,medium,hot,10.0,dem,46.2296,72.372536,126.43757009506226,8.446341753005981,138.07999730110168,2.094970941543579,4.0,48.0,17.96558380126953,32632,gtiff,cog,bilinear,787a4a1d702fb70aaec64425d52bbc3ace541f76,0.37541182818816093,0.5832683614680513
A2,hamburg,971,2026-08-21T17:41:29.616372,local_preprocessing,resample,medium,hot,10.0,dem,46.559173,62.027866,111.0602605342865,13.871279954910278,128.26127910614014,2.0790460109710693,4.0,162.0,17.96558380126953,32632,gtiff,cog,bilinear,787a4a1d702fb70aaec64425d52bbc3ace541f76,0.37541182818816093,0.5832683614680513
A2,hamburg,972,2026-08-21T17:46:20.906830,local_reference,filter_bbox,medium,cold,10.0,dem,,,,,276.374395608902,276.374395608902,,,,,,,bilinear,787a4a1d702fb70aaec64425d52bbc3ace541f76,,
A2,hamburg,973,2026-08-21T17:48:58.053061,onthefly,filter_bbox,medium,cold,10.0,dem,51.934353,56.605517,110.84638023376465,43.406301975250244,155.49190187454224,,4.0,72.0,17.0343017578125,32632,,,,787a4a1d702fb70aaec64425d52bbc3ace541f76,1.0864281065495927,1.7713699182640452
A2,hamburg,974,2026-08-21T17:51:23.446728,onthefly,filter_bbox,medium,hot,10.0,dem,66.870436,61.819008,135.93305706977844,6.509375333786011,143.564213514328,,9.0,5400.0,17.0343017578125,32632,,,,787a4a1d702fb70aaec64425d52bbc3ace541f76,1.0864281065495927,1.7713699182640452
A2,hamburg,975,2026-08-21T17:53:17.473696,onthefly,filter_bbox,medium,hot,10.0,dem,41.132932,56.763734,106.22197842597961,5.1824116706848145,112.71863293647766,,4.0,108.0,17.0343017578125,32632,,,,787a4a1d702fb70aaec64425d52bbc3ace541f76,1.0864281065495927,1.7713699182640452
A2,hamburg,976,2026-08-21T17:56:33.431846,local_preprocessing,filter_bbox,medium,cold,10.0,dem,46.500014,67.080536,116.17639589309692,12.89611530303955,132.49638676643372,2.103299140930176,4.0,108.0,17.146143913269043,32632,gtiff,cog,bilinear,787a4a1d702fb70aaec64425d52bbc3ace541f76,0.0005612342710632353,0.0008902318713543622
A2,hamburg,977,2026-08-21T18:00:33.039227,local_preprocessing,filter_bbox,medium,hot,10.0,dem,51.860387,61.893371,121.56836271286011,8.469988822937012,133.50042724609375,2.1935250759124756,4.0,117.0,17.146143913269043,32632,gtiff,cog,bilinear,787a4a1d702fb70aaec64425d52bbc3ace541f76,0.0005612342710632353,0.0008902318713543622
A2,hamburg,978,2026-08-21T18:04:30.389807,local_preprocessing,filter_bbox,medium,hot,10.0,dem,46.85305,61.880614,117.22631359100342,10.206310987472534,130.88265657424927,2.167358160018921,4.0,108.0,17.146143913269043,32632,gtiff,cog,bilinear,787a4a1d702fb70aaec64425d52bbc3ace541f76,0.0005612342710632353,0.0008902318713543622
B,amsterdam,985,2026-08-23T18:01:13.667703,local_reference,merge_add,medium,cold,10.0,dem,,,,,215.4292368888855,215.4292368888855,,,,,,,bilinear,262438412969f330b2f087841b0d3d2e32080be8,,
B,amsterdam,986,2026-08-23T18:03:25.871866,onthefly,merge_add,medium,cold,10.0,dem,46.574532,67.005706,121.18223071098328,7.581791400909424,130.539489030838,,9.0,5400.0,16.57672119140625,32631,,,,262438412969f330b2f087841b0d3d2e32080be8,1.0708883299132625,1.6907568275845573
B,amsterdam,987,2026-08-23T18:05:29.849940,onthefly,merge_add,medium,hot,10.0,dem,31.961457,72.353831,112.01802325248718,8.957104444503784,122.13758993148804,,4.0,108.0,16.57672119140625,32631,,,,262438412969f330b2f087841b0d3d2e32080be8,1.0708883299132625,1.6907568275845573
B,amsterdam,988,2026-08-23T18:07:20.699872,onthefly,merge_add,medium,hot,10.0,dem,36.525475,62.050457,100.95569396018982,7.387458801269531,109.51785969734192,,4.0,108.0,16.57672119140625,32631,,,,262438412969f330b2f087841b0d3d2e32080be8,1.0708883299132625,1.6907568275845573
B,amsterdam,989,2026-08-23T18:11:30.467534,local_preprocessing,merge_add,medium,cold,10.0,dem,46.637179,67.407478,116.476571559906,12.870487451553345,133.00789594650269,2.149467945098877,4.0,108.0,17.79163360595703,32631,gtiff,cog,bilinear,262438412969f330b2f087841b0d3d2e32080be8,0.0010589483799423687,0.0016762491799384778
B,amsterdam,990,2026-08-23T18:15:26.951778,local_preprocessing,merge_add,medium,hot,10.0,dem,41.598473,62.953101,113.17346334457397,9.540040254592896,126.02726173400879,2.084566354751587,4.0,108.0,17.79163360595703,32631,gtiff,cog,bilinear,262438412969f330b2f087841b0d3d2e32080be8,0.0010589483799423687,0.0016762491799384778
B,amsterdam,991,2026-08-23T18:19:30.542103,local_preprocessing,merge_add,medium,hot,10.0,dem,46.498628,62.262483,116.84887552261353,13.673515319824219,133.95089626312256,2.1685473918914795,4.0,72.0,17.79163360595703,32631,gtiff,cog,bilinear,262438412969f330b2f087841b0d3d2e32080be8,0.0010589483799423687,0.0016762491799384778
B,kapstadt,1010,2026-08-23T22:23:25.358688,local_reference,merge_add,medium,cold,10.0,dem,,,,,173.0421657562256,173.0421657562256,,,,,,,bilinear,262438412969f330b2f087841b0d3d2e32080be8,,
B,kapstadt,1011,2026-08-23T22:25:23.488221,onthefly,merge_add,medium,cold,10.0,dem,35.894144,66.969654,109.58155798912048,5.889779567718506,116.54647517204285,,4.0,72.0,15.17645263671875,32734,,,,262438412969f330b2f087841b0d3d2e32080be8,3.0868836249867,6.177390342041527
B,kapstadt,1012,2026-08-23T22:27:26.754759,onthefly,merge_add,medium,hot,10.0,dem,56.734053,56.456108,114.89014387130737,5.231302499771118,121.34997081756592,,4.0,108.0,15.17645263671875,32734,,,,262438412969f330b2f087841b0d3d2e32080be8,3.0868836249867,6.177390342041527
B,kapstadt,1013,2026-08-23T22:29:31.177231,onthefly,merge_add,medium,hot,10.0,dem,41.609153,66.679281,110.54296112060547,10.617976665496826,123.07502818107605,,4.0,108.0,15.17645263671875,32734,,,,262438412969f330b2f087841b0d3d2e32080be8,3.0868836249867,6.177390342041527
B,kapstadt,1014,2026-08-23T22:34:36.323552,local_preprocessing,merge_add,medium,cold,10.0,dem,46.279231,123.940554,177.7795069217682,14.513052940368652,195.95118761062622,2.306628465652466,4.0,90.0,17.334796905517578,32734,gtiff,cog,bilinear,262438412969f330b2f087841b0d3d2e32080be8,0.0013621793497231411,0.0025595508705334004
B,kapstadt,1015,2026-08-23T22:38:27.212710,local_preprocessing,merge_add,medium,hot,10.0,dem,46.505868,66.86209,115.82975888252258,7.128988027572632,126.63669776916504,2.312898874282837,4.0,162.0,17.334796905517578,32734,gtiff,cog,bilinear,262438412969f330b2f087841b0d3d2e32080be8,0.0013621793497231411,0.0025595508705334004
B,kapstadt,1016,2026-08-23T22:42:35.010953,local_preprocessing,merge_add,medium,hot,10.0,dem,51.576885,66.996094,120.65776777267456,12.182804584503174,136.7705659866333,2.6338772773742676,4.0,108.0,17.334796905517578,32734,gtiff,cog,bilinear,262438412969f330b2f087841b0d3d2e32080be8,0.0013621793497231411,0.0025595508705334004
B,newyork,1031,2026-08-24T20:12:26.467008,local_reference,merge_add,medium,cold,10.0,dem,,,,,248.19798946380615,248.19798946380615,,,,,,,bilinear,e91de86abb60370d6583580fcd1ae960798fb728,,
B,newyork,1032,2026-08-24T20:15:02.960767,onthefly,merge_add,medium,cold,10.0,dem,41.418235,66.707849,110.92634105682373,41.978517055511475,154.1734960079193,,4.0,90.0,20.135589599609375,32618,,,,e91de86abb60370d6583580fcd1ae960798fb728,1.2388313501006532,2.4892126226677083
B,newyork,1033,2026-08-24T20:17:27.651131,onthefly,merge_add,medium,hot,10.0,dem,66.959315,62.142079,131.75370573997498,9.236543893814087,142.88718271255493,,4.0,108.0,20.135589599609375,32618,,,,e91de86abb60370d6583580fcd1ae960798fb728,1.2388313501006532,2.4892126226677083
B,newyork,1034,2026-08-24T20:19:25.860398,onthefly,merge_add,medium,hot,10.0,dem,36.383043,62.127891,105.99280214309692,9.74112319946289,116.89294981956482,,4.0,162.0,20.135589599609375,32618,,,,e91de86abb60370d6583580fcd1ae960798fb728,1.2388313501006532,2.4892126226677083
B,newyork,1035,2026-08-24T20:23:29.631015,local_preprocessing,merge_add,medium,cold,10.0,dem,46.795837,67.564637,122.33472990989685,5.711257696151733,131.38808941841125,2.103328227996826,4.0,108.0,21.941322326660156,32618,gtiff,cog,bilinear,e91de86abb60370d6583580fcd1ae960798fb728,0.0005393141233669002,0.0010306815895527411
B,newyork,1036,2026-08-24T20:27:33.982311,local_preprocessing,merge_add,medium,hot,10.0,dem,41.181362,72.137766,121.16081380844116,7.38754677772522,131.46294927597046,1.796393632888794,4.0,162.0,21.941322326660156,32618,gtiff,cog,bilinear,e91de86abb60370d6583580fcd1ae960798fb728,0.0005393141233669002,0.0010306815895527411
B,newyork,1037,2026-08-24T20:31:24.365469,local_preprocessing,merge_add,medium,hot,10.0,dem,47.30015,62.233623,112.3674008846283,6.416882753372192,121.826500415802,1.793294906616211,4.0,48.0,21.941322326660156,32618,gtiff,cog,bilinear,e91de86abb60370d6583580fcd1ae960798fb728,0.0005393141233669002,0.0010306815895527411
B,rom,992,2026-08-23T18:24:15.304831,local_reference,merge_add,medium,cold,10.0,dem,,,,,271.1941578388214,271.1941578388214,,,,,,,bilinear,262438412969f330b2f087841b0d3d2e32080be8,,
B,rom,993,2026-08-23T18:26:37.756584,onthefly,merge_add,medium,cold,10.0,dem,52.038231,72.91091,127.41005396842957,12.172314882278442,140.84363627433777,,9.0,5400.0,15.654144287109375,32633,,,,262438412969f330b2f087841b0d3d2e32080be8,1.748889442873498,2.5690418503526358
B,rom,994,2026-08-23T18:28:29.811661,onthefly,merge_add,medium,hot,10.0,dem,25.927305,67.31517,100.40379047393799,8.516831636428833,110.37353730201721,,4.0,60.0,15.654144287109375,32633,,,,262438412969f330b2f087841b0d3d2e32080be8,1.748889442873498,2.5690418503526358
B,rom,995,2026-08-23T18:30:24.205930,onthefly,merge_add,medium,hot,10.0,dem,36.379745,61.704219,104.97449564933777,7.0041892528533936,113.15513777732849,,4.0,108.0,15.654144287109375,32633,,,,262438412969f330b2f087841b0d3d2e32080be8,1.748889442873498,2.5690418503526358
B,rom,996,2026-08-23T18:34:32.743910,local_preprocessing,merge_add,medium,cold,10.0,dem,51.746914,61.965218,116.5106246471405,13.97745966911316,134.07255673408508,2.343148708343506,4.0,72.0,16.873779296875,32633,gtiff,cog,bilinear,262438412969f330b2f087841b0d3d2e32080be8,0.12699680166873092,66.1597072782714
B,rom,997,2026-08-23T18:38:25.734444,local_preprocessing,merge_add,medium,hot,10.0,dem,46.565302,67.068313,116.52185535430908,10.08783745765686,130.09246802330017,2.3013291358947754,4.0,108.0,16.873779296875,32633,gtiff,cog,bilinear,262438412969f330b2f087841b0d3d2e32080be8,0.12699680166873092,66.1597072782714
B,rom,998,2026-08-23T18:42:32.984242,local_preprocessing,merge_add,medium,hot,10.0,dem,46.668896,63.18081,117.98751783370972,11.56583571434021,133.1442210674286,2.3656578063964844,4.0,72.0,16.873779296875,32633,gtiff,cog,bilinear,262438412969f330b2f087841b0d3d2e32080be8,0.12699680166873092,66.1597072782714
B,tokio,1017,2026-08-23T22:46:20.492288,local_reference,merge_add,medium,cold,10.0,dem,,,,,211.99418091773987,211.99418091773987,,,,,,,bilinear,262438412969f330b2f087841b0d3d2e32080be8,,
B,tokio,1018,2026-08-23T22:48:33.315430,onthefly,merge_add,medium,cold,10.0,dem,46.471975,71.755499,120.4394633769989,9.52892541885376,131.26030230522156,,4.0,162.0,14.107269287109375,32654,,,,262438412969f330b2f087841b0d3d2e32080be8,1.295922141456685,2.032038193140422
B,tokio,1019,2026-08-23T22:50:31.661116,onthefly,merge_add,medium,hot,10.0,dem,36.121348,66.895194,104.84537863731384,9.623594999313354,116.5335066318512,,4.0,60.0,14.107269287109375,32654,,,,262438412969f330b2f087841b0d3d2e32080be8,1.295922141456685,2.032038193140422
B,tokio,1020,2026-08-23T22:52:36.425442,onthefly,merge_add,medium,hot,10.0,dem,36.363677,77.416515,115.92907333374023,6.220069408416748,123.56818461418152,,4.0,108.0,14.107269287109375,32654,,,,262438412969f330b2f087841b0d3d2e32080be8,1.295922141456685,2.032038193140422
B,tokio,1021,2026-08-23T22:59:37.571656,local_preprocessing,merge_add,medium,cold,10.0,dem,46.437254,66.730917,120.27555656433105,11.239192008972168,135.11455655097961,2.406266450881958,4.0,162.0,15.40711498260498,32654,gtiff,cog,bilinear,262438412969f330b2f087841b0d3d2e32080be8,0.000920483957845009,0.0013651413084854933
B,tokio,1022,2026-08-23T23:03:26.199457,local_preprocessing,merge_add,medium,hot,10.0,dem,41.055444,61.84039,110.62039923667908,10.643839836120605,124.7436134815216,2.3432741165161133,4.0,108.0,15.40711498260498,32654,gtiff,cog,bilinear,262438412969f330b2f087841b0d3d2e32080be8,0.000920483957845009,0.0013651413084854933
B,tokio,1023,2026-08-23T23:11:51.076003,local_preprocessing,merge_add,medium,hot,10.0,dem,103.847674,51.359284,192.93165755271912,13.022085666656494,209.5442819595337,2.358980894088745,4.0,117.0,15.40711498260498,32654,gtiff,cog,bilinear,262438412969f330b2f087841b0d3d2e32080be8,0.000920483957845009,0.0013651413084854933
B,wien,1024,2026-08-24T19:45:17.575334,local_reference,merge_add,medium,cold,10.0,dem,,,,,266.51346707344055,266.51346707344055,,,,,,,bilinear,e91de86abb60370d6583580fcd1ae960798fb728,,
B,wien,1025,2026-08-24T19:48:33.116107,onthefly,merge_add,medium,cold,10.0,dem,52.064482,124.19785,178.93773770332336,13.121572971343994,193.2955560684204,,4.0,72.0,31.966644287109375,32633,,,,e91de86abb60370d6583580fcd1ae960798fb728,1.446300536418145,2.150134178192
B,wien,1026,2026-08-24T19:51:26.573085,onthefly,merge_add,medium,hot,10.0,dem,25.793728,123.698961,157.3975007534027,12.839235544204712,171.70138549804688,,4.0,162.0,31.966644287109375,32633,,,,e91de86abb60370d6583580fcd1ae960798fb728,1.446300536418145,2.150134178192
B,wien,1027,2026-08-24T19:54:28.864398,onthefly,merge_add,medium,hot,10.0,dem,36.437969,124.159096,168.57598543167114,11.0868399143219,181.00403809547424,,4.0,162.0,31.966644287109375,32633,,,,e91de86abb60370d6583580fcd1ae960798fb728,1.446300536418145,2.150134178192
B,wien,1028,2026-08-24T19:58:28.430960,local_preprocessing,merge_add,medium,cold,10.0,dem,47.069399,57.1094,113.9289939403534,11.033324003219604,128.2976336479187,2.2710654735565186,4.0,162.0,33.01413059234619,32633,gtiff,cog,bilinear,e91de86abb60370d6583580fcd1ae960798fb728,0.000742303034087873,0.0010394723106843503
B,wien,1029,2026-08-24T20:02:34.073334,local_preprocessing,merge_add,medium,hot,10.0,dem,56.880408,62.561262,122.19575190544128,10.967168092727661,136.58006286621094,2.282961368560791,4.0,117.0,33.01413059234619,32633,gtiff,cog,bilinear,e91de86abb60370d6583580fcd1ae960798fb728,0.000742303034087873,0.0010394723106843503
B,wien,1030,2026-08-24T20:07:47.537943,local_preprocessing,merge_add,medium,hot,10.0,dem,46.768983,134.582574,183.97058057785034,18.60647225379944,206.0280487537384,2.2743496894836426,4.0,72.0,33.01413059234619,32633,gtiff,cog,bilinear,e91de86abb60370d6583580fcd1ae960798fb728,0.000742303034087873,0.0010394723106843503
B,zuerich,1038,2026-08-24T20:36:23.008369,local_reference,merge_add,medium,cold,10.0,dem,,,,,280.45129442214966,280.45129442214966,,,,,,,bilinear,e91de86abb60370d6583580fcd1ae960798fb728,,
B,zuerich,1039,2026-08-24T20:38:32.359704,onthefly,merge_add,medium,cold,10.0,dem,46.507201,62.162231,111.6912522315979,13.606680870056152,126.97564458847046,,4.0,48.0,20.435394287109375,32632,,,,e91de86abb60370d6583580fcd1ae960798fb728,1.8372599152892426,3.018653773184718
B,zuerich,1040,2026-08-24T20:41:29.159933,onthefly,merge_add,medium,hot,10.0,dem,31.307837,124.82268,163.84212112426758,10.259893655776978,175.2830467224121,,4.0,162.0,20.435394287109375,32632,,,,e91de86abb60370d6583580fcd1ae960798fb728,1.8372599152892426,3.018653773184718
B,zuerich,1041,2026-08-24T20:44:33.500632,onthefly,merge_add,medium,hot,10.0,dem,36.58964,131.212786,170.7134301662445,10.863777160644531,182.9868507385254,,4.0,162.0,20.435394287109375,32632,,,,e91de86abb60370d6583580fcd1ae960798fb728,1.8372599152892426,3.018653773184718
B,zuerich,1042,2026-08-24T20:48:30.822292,local_preprocessing,merge_add,medium,cold,10.0,dem,47.105284,62.463801,117.41713666915894,10.463135719299316,131.25917983055115,2.28830885887146,4.0,108.0,21.475215911865234,32632,gtiff,cog,bilinear,e91de86abb60370d6583580fcd1ae960798fb728,0.0014639031457505656,0.00218906459466573
B,zuerich,1043,2026-08-24T20:53:31.147243,local_preprocessing,merge_add,medium,hot,10.0,dem,47.348008,124.418451,174.4429247379303,12.218210935592651,190.50685477256775,2.245243549346924,4.0,72.0,21.475215911865234,32632,gtiff,cog,bilinear,e91de86abb60370d6583580fcd1ae960798fb728,0.0014639031457505656,0.00218906459466573
B,zuerich,1044,2026-08-24T20:57:26.336793,local_preprocessing,merge_add,medium,hot,10.0,dem,46.784948,62.782836,112.06146121025085,8.410897970199585,124.1809823513031,2.262462854385376,4.0,72.0,21.475215911865234,32632,gtiff,cog,bilinear,e91de86abb60370d6583580fcd1ae960798fb728,0.0014639031457505656,0.00218906459466573
